Category,Subcategory,Product,Price
Wzory,PetiteKnit,Esther Vest wzór na druty,35.00
Warsztaty,Crocheting,Granny Square,199.00
Zestawy,KnitPro,Zestaw drutów Dreamz Deluxe,415.00
Kolekcje,Sandnes Garn,Kolekcja 2409 pakiet wzorów,130.00
Kolekcje,Sandnes Garn,Kolekcja 2410 pakiet wzorów,80.00
Kolekcje,Sandnes Garn,Kolekcja 2406 pakiet wzorów,60.00
Kolekcje,Sandnes Garn,Kolekcja 2402 pakiet wzorów,40.00
Kolekcje,Sandnes Garn,Kolekcja 2405 pakiet wzorów,70.00
Kolekcje,Sandnes Garn,Kolekcja 2404 pakiet wzorów,100.00
Kolekcje,Sandnes Garn,Kolekcja 2403 pakiet wzorów,130.00
Swetry,Kleiva,Kleiva Man Sweater 2410-05 wzór na druty z włóczką,182.20
Swetry,Kleiva,Kleiva Cardigan 2410-08 wzór na druty z włóczką,182.20
Guziki,Drewniane,Guzik drewniany 1 szt.,4.00
Swetry,Polar-light,Polar-light Ladies Sweater 2410-07 wzór na druty z włóczką,214.00
Swetry,Polar-light,Polar-light Sweater Man 2410-06 wzór na druty z włóczką,253.80
Guziki,Drewniane,Guziki drewniane w kształcie kółka 1 szt.,5.50
Wzory,PetiteKnit,Weekend Slipover V-Neck wzór na druty,35.00
Guziki,Róg,Guzik z rogu bawolego 50 mm 1 szt.,19.00
Kolekcje,Sandnes Garn,Do It Yourself 2210,36.00
Swetry,Kleiva,Kleiva Ladies Sweater 2410-04 wzór na druty z włóczką,182.20
Swetry,Fun Chunky,Fun Chunky Marius 2410-01 wzór z włóczką,625.80
Swetry,Marius,Marius Sweater Man 2410-03 wzór z włóczką,286.70
Swetry,Marius,Marius Ladies Sweater 2410-02 wzór z włóczką,286.70
Torby,Muud,Torba Vadso Muud OUTLET,350.00
Włóczki,Sandnes Garn,Kos Sandnes Garn OUTLET,43.00
E-booki,,Wydruk e-book,35.00
Włóczki,Pascuali,Pinta ręcznie farbowana roślinami 50 g,75.00
Swetry,Cornelia,Cornelia Cardigan 2409-08 wzór na druty z włóczką,366.00
Swetry,Cornelia,Cornelia Sweater 2409-05 wzór na druty z włóczką,525.00
Magazyny,PUCH,Magazyn PUCH. numer 2,30.00
Swetry,Agnes,Agnes Cardigan 2409-10 wzór na druty z włóczką,341.00
Swetry,Sammy,Sammy Sweater 2409-02 wzór na druty z włóczką,365.00
Swetry,South,South Sweater 2409-09 wzór na druty z włóczką,425.00
Swetry,Scarlett,Scarlett Cardigan 2409-12 wzór na druty z włóczką,510.00
Swetry,Penny,Penny Cardigan 2409-03 wzór na druty z włóczką,524.00
Swetry,Heather,Heather Sweater Cable Edition 2409-13 wzór na druty z włóczką,442.00
Sukienki,Bonnie,Bonnie Dress 2409-11 wzór na druty z włóczką,755.00